w,rings,q,exact_q,retention
0.2,2,3.2586684651395017,3.5248134839798873,0.9244938717892444
0.2,4,3.475814004602714,3.5248134839798873,0.9860987029243182
0.2,8,3.5096222658282126,3.5248134839798873,0.9956902065256167
0.2,16,3.5174488287361076,3.5248134839798873,0.9979106255473512
0.2,32,3.520341999431603,3.5248134839798873,0.9987314266219739
0.1,2,3.424545686819525,3.899615410275088,0.8781752369211069
0.1,4,3.813955026348906,3.899615410275088,0.978033632829413
0.1,8,3.8800826919803004,3.899615410275088,0.994991116753893
0.1,16,3.8938616070567935,3.899615410275088,0.9985245203403562
0.1,32,3.897214801440364,3.899615410275088,0.9993843985669975
0.05,2,3.509817755287027,4.24053007816753,0.8276837307103202
0.05,4,4.094098120811394,4.24053007816753,0.9654684780777656
0.05,8,4.20872138307849,4.24053007816753,0.9924988870488604
0.05,16,4.232673101731428,4.24053007816753,0.9981471711575508
0.05,32,4.238312970545071,4.24053007816753,0.9994771626231649
0.025,2,3.5529884866913157,4.55579954092306,0.779882533192283
0.025,4,4.328059337860666,4.55579954092306,0.9500109254112944
0.025,8,4.505899483841652,4.55579954092306,0.989046915556057
0.025,16,4.543865375280424,4.55579954092306,0.997380445400322
0.025,32,4.552752037181492,4.55579954092306,0.9993310715903557
0.01,2,3.579054620234127,4.941725145120651,0.7242520607946002
0.01,4,4.578524125674076,4.941725145120651,0.9265031929577889
0.01,8,4.85960593622804,4.941725145120651,0.983382481525972
0.01,16,4.922193700513437,4.941725145120651,0.9960476465133842
0.01,32,4.9368523726413835,4.941725145120651,0.9990139531568082
0.005,2,3.5877700201554186,5.214715824726255,0.6880087315867797
0.005,4,4.730541949538478,5.214715824726255,0.9071523949796068
0.005,8,5.101846327771202,5.214715824726255,0.97835558048631
0.005,16,5.187821867061326,5.214715824726255,0.9948426801059019
0.005,32,5.208038089582099,5.214715824726255,0.9987194440946345
