w,q,q_overlap,overlap_relative_difference,remainder
1.0,2.3548200450309493,2.3548200450309493,0.0,5.545177444479562
0.5,2.9469757900374494,2.94697579003745,1.5069319922863e-16,5.912077584827067
0.2,3.5248134839798873,3.524813483979886,3.779682628897336e-16,5.98655844711003
0.1,3.899615410275088,3.899615410275088,0.0,5.9966599760787584
0.05,4.24053007816753,4.240530078167529,2.094498572885812e-16,5.999166249627555
0.025,4.55579954092306,4.555799540923078,4.094066616882701e-15,5.999791640619014
0.01,4.941725145120651,4.9417251451241615,7.102946868910081e-13,5.999966665965356
0.001,5.799225877873438,5.79922587787346,3.8288662935552795e-15,5.999999666668401
0.0001,6.545331248014691,6.545331257942596,1.5167919288624412e-09,5.999999658332811
