name,stage,q,min_response,max_response,mass,norm2
radial_optimum,initial,4.228369750046906,0.14254116206273665,0.14338950709847034,0.049994169869950686,0.007179799278256347
same_histogram_ellipse,initial,3.76640701819017,0.07534352284308951,0.20736338244595615,0.0499941698699507,0.007179799278256349
same_histogram_ellipse,optimized,4.222374574321588,0.14003285897290962,0.1442890303204089,0.049994169869950686,0.007179799278256349
same_histogram_random,initial,0.7653190945928706,0.023976218574256025,0.028976544937017002,0.0499941698699507,0.00717979927825635
same_histogram_random,optimized,4.204984300115044,0.13664021031285276,0.14441797151824784,0.049994169869950686,0.007179799278256349
binary_disk,initial,2.8211386171887214,0.3532118055555556,0.3590277777777779,0.0999999999999993,0.0999999999999993
binary_disk,optimized,3.614319530137443,0.4268102101059212,0.4988721152177686,0.0999999999999993,0.0999999999999993
binary_stripe,initial,2.76279574688994,0.10000000000000007,0.9993055555555554,0.0999999999999993,0.0999999999999993
binary_deltoid,initial,3.5161021966327404,0.426388888888889,0.4611979166666667,0.0999999999999993,0.0999999999999993
binary_deltoid,optimized,3.6777828936222297,0.4159722222222223,0.5046883139433929,0.0999999999999993,0.0999999999999993
binary_random,initial,0.5006378436305539,0.05712797360652891,0.07353707240840424,0.0999999999999993,0.0999999999999993
binary_random,optimized,3.664761293027663,0.34207327661052267,0.538014233639993,0.0999999999999993,0.0999999999999993
free_l2_random,optimized,4.184445468168282,0.11456911725373684,0.14532950828075905,0.050715284903429685,0.007179799278256349
