seed,q,mass,norm2,support_area
0,1.9593839277982577,0.049994169869950686,0.007179799278256349,0.7867361111111055
1,2.0118134227338085,0.049994169869950686,0.007179799278256349,0.7867361111111055
2,1.9778400118765758,0.049994169869950686,0.007179799278256349,0.7867361111111055
3,2.027652808377769,0.049994169869950686,0.007179799278256347,0.7867361111111055
4,2.0306752062177473,0.049994169869950686,0.007179799278256349,0.7867361111111055
5,1.9948388525000706,0.049994169869950686,0.007179799278256349,0.7867361111111055
6,1.9994064621618617,0.049994169869950686,0.00717979927825635,0.7867361111111055
7,2.00407235230438,0.049994169869950686,0.007179799278256349,0.7867361111111055
8,1.985161551913112,0.049994169869950686,0.007179799278256347,0.7867361111111055
9,2.0025074551145288,0.049994169869950686,0.007179799278256349,0.7867361111111055
10,1.993288366015027,0.0499941698699507,0.007179799278256349,0.7867361111111055
11,2.003255125178164,0.049994169869950686,0.007179799278256349,0.7867361111111055
