name,refinement,angles,q,min_response,max_response,coverage_040,norm2
binary_disk,1,120,2.820857526155433,0.3531759805623048,0.3592013888888891,0.0,0.0999999999999993
binary_deltoid,1,120,3.51767376444513,0.426388888888889,0.46458333333333346,1.0,0.0999999999999993
binary_deltoid_optimized,1,120,3.6786023563040757,0.4182433605276862,0.5050355964577183,1.0,0.0999999999999993
binary_random_optimized,1,120,3.664498530510042,0.3421006944444445,0.538354737938216,0.7583333333333333,0.0999999999999993
same_histogram_ellipse,1,120,3.7672047641882767,0.07534386938981857,0.2073450069945728,0.0,0.007179799278256349
radial_optimum,1,120,4.228639455766773,0.142536857580489,0.14325240023218316,0.0,0.007179799278256347
same_histogram_random_optimized,1,120,4.198834531349479,0.1362649607331879,0.14434412701899124,0.0,0.007179799278256349
binary_disk,2,180,2.820067686950737,0.3530318156169972,0.35906506358782936,0.0,0.0999999999999993
binary_deltoid,2,180,3.5166600000743693,0.4263920836769237,0.46608220129334654,1.0,0.0999999999999993
binary_deltoid_optimized,2,180,3.6772395604595034,0.4178676853620419,0.5048609001345428,1.0,0.0999999999999993
binary_random_optimized,2,180,3.663219867748134,0.34204244607438905,0.5380425347222221,0.7555555555555555,0.0999999999999993
same_histogram_ellipse,2,180,3.7658180943925936,0.07534281661473945,0.20738330411142872,0.0,0.007179799278256349
radial_optimum,2,180,4.225832832261947,0.14253572986500115,0.14319626350688505,0.0,0.007179799278256347
same_histogram_random_optimized,2,180,4.2010398657730725,0.13618611230435168,0.14434463760763094,0.0,0.007179799278256347
