w,theta,closed_area,polygon_area,absolute_error
0.01,1e-06,0.009999749975004999,0.009999749975004999,0.0
0.01,0.02244091895421281,0.004456519536681886,0.004456519536681887,8.673617379884035e-19
0.01,0.04488083790842562,0.00222887058366919,0.0022288705836691907,8.673617379884035e-19
0.01,0.06732075686263843,0.0014865485677794039,0.0014865485677794052,1.3010426069826053e-18
0.01,0.08976067581685124,0.001115571027084545,0.001115571027084544,1.0842021724855044e-18
0.01,0.11220059477106405,0.0008931336326553229,0.0008931336326553237,7.589415207398531e-19
0.01,0.13464051372527686,0.0007449672606760897,0.000744967260676091,1.3010426069826053e-18
0.01,0.15708043267948965,0.0006392420933375827,0.0006392420933375844,1.734723475976807e-18
0.01,0.17952035163370247,0.0005600432009216379,0.0005600432009216366,1.3010426069826053e-18
0.01,0.2019602705879153,0.0004985289817045247,0.0004985289817045252,5.421010862427522e-19
0.01,0.2244001895421281,0.0004493945143678834,0.0004493945143678836,2.168404344971009e-19
0.01,0.2468401084963409,0.00040926398318134004,0.00040926398318133885,1.1926223897340549e-18
0.01,0.2692800274505537,0.0003758868876873658,0.0003758868876873652,5.963111948670274e-19
0.01,0.2917199464047665,0.0003477052313342518,0.00034770523133425266,8.673617379884035e-19
0.01,0.3141598653589793,0.0003236062001755524,0.00032360620017555375,1.3552527156068805e-18
0.01,0.3365997843131921,0.0003027737698642061,0.0003027737698642074,1.2468324983583301e-18
0.01,0.3590397032674049,0.00028459595993509686,0.0002845959599350969,5.421010862427522e-20
0.01,0.38147962222161774,0.0002686048218489785,0.0002686048218489792,7.047314121155779e-19
0.01,0.40391954117583057,0.0002544364310354896,0.0002544364310354882,1.4094628242311558e-18
0.01,0.42635946013004333,0.000241803513060521,0.00024180351306052117,1.6263032587282567e-19
0.01,0.44879937908425616,0.00023047628198672802,0.00023047628198672772,2.981555974335137e-19
0.01,0.471239298038469,0.0002202687535378364,0.00022026875353783692,5.149960319306146e-19
0.01,0.49367921699268175,0.00021102879108989022,0.00021102879108989082,5.963111948670274e-19
0.01,0.5161191359468946,0.00020263074841662325,0.0002026307484166226,6.505213034913027e-19
0.01,0.5385590549011074,0.00019496995180659006,0.0001949699518065893,7.589415207398531e-19
0.01,0.5609989738553203,0.00018795850653184073,0.00018795850653183992,8.131516293641283e-19
0.01,0.5834388928095331,0.0001815220711156414,0.00018152207111564163,2.168404344971009e-19
0.01,0.6058788117637459,0.0001755973484919919,0.00017559734849199133,5.692061405548898e-19
0.01,0.6283187307179586,0.00017013011483760855,0.00017013011483760874,1.8973538018496328e-19
0.01,0.6507586496721715,0.00016507365629703723,0.00016507365629703737,1.3552527156068805e-19
0.01,0.6731985686263843,0.00016038751842959974,0.0001603875184295982,1.5449880957918438e-18
0.01,0.6956384875805971,0.00015603649776745347,0.0001560364977674537,2.168404344971009e-19
0.01,0.7180784065348099,0.00015198982252699166,0.00015198982252699156,1.0842021724855044e-19
0.01,0.7405183254890227,0.00014822048235434718,0.00014822048235434837,1.1926223897340549e-18
0.01,0.7629582444432356,0.00014470467642589048,0.0001447046764258889,1.5720931501039814e-18
0.01,0.7853981633974484,0.0001414213562373095,0.00014142135623731027,7.589415207398531e-19
0.01,0.8078380823516612,0.0001383518446744097,0.0001383518446744082,1.4907779871675686e-18
0.01,0.8302780013058739,0.0001354795169390058,0.0001354795169390062,4.0657581468206416e-19
0.01,0.8527179202600867,0.00013278953194085442,0.00013278953194085472,2.981555974335137e-19
0.01,0.8751578392142996,0.00013026860510321093,0.0001302686051032106,3.2526065174565133e-19
0.01,0.8975977581685124,0.0001279048153405212,0.00012790481534052082,3.7947076036992655e-19
0.01,0.9200376771227252,0.00012568744038020605,0.00012568744038020613,8.131516293641283e-20
0.01,0.942477596076938,0.0001236068157111031,0.00012360681571110306,5.421010862427522e-20
0.01,0.9649175150311509,0.00012165421331933259,0.00012165421331933222,3.6591823321385775e-19
0.01,0.9873574339853636,0.00011982173707096966,0.00011982173707097022,5.55653613398821e-19
0.01,1.0097973529395763,0.00011810223215985456,0.00011810223215985483,2.710505431213761e-19
0.01,1.032237271893789,0.00011648920648851661,0.00011648920648851554,1.0706496453294356e-18
0.01,1.054677190848002,0.00011497676221379386,0.00011497676221379515,1.2874900798265365e-18
0.01,1.0771171098022148,0.00011355953598422688,0.00011355953598422761,7.318364664277155e-19
0.01,1.0995570287564276,0.00011223264663760096,0.00011223264663760062,3.3881317890172014e-19
0.01,1.1219969477106404,0.00011099164932495353,0.00011099164932495254,9.893344823930228e-19
0.01,1.1444368666648532,0.00010983249519046151,0.00010983249519046164,1.2197274440461925e-19
0.01,1.166876785619066,0.00010875149587158953,0.00010875149587158845,1.0842021724855044e-18
0.01,1.1893167045732789,0.00010774529219603014,0.00010774529219603087,7.318364664277155e-19
0.01,1.2117566235274917,0.00010681082654554127,0.00010681082654554112,1.4907779871675686e-19
0.01,1.2341965424817045,0.00010594531843517222,0.00010594531843517209,1.3552527156068805e-19
0.01,1.2566364614359171,0.00010514624292229685,0.00010514624292229675,9.486769009248164e-20
0.01,1.27907638039013,0.00010441131151554113,0.0001044113115155412,6.776263578034403e-20
0.01,1.3015162993443428,0.00010373845530089058,0.00010373845530089074,1.6263032587282567e-19
0.01,1.3239562182985556,0.00010312581004244574,0.00010312581004244553,2.168404344971009e-19
0.01,1.3463961372527684,0.00010257170304965433,0.00010257170304965403,2.981555974335137e-19
0.01,1.3688360562069812,0.00010207464163236532,0.00010207464163236588,5.55653613398821e-19
0.01,1.391275975161194,0.00010163330299053431,0.0001016333029905345,1.8973538018496328e-19
0.01,1.4137158941154069,0.00010124652540753211,0.0001012465254075317,4.0657581468206416e-19
0.01,1.4361558130696197,0.00010091330063533198,0.00010091330063533164,3.3881317890172014e-19
0.01,1.4585957320238325,0.000100632767376846,0.00010063276737684595,4.0657581468206416e-20
0.01,1.4810356509780453,0.00010040420578574766,0.00010040420578574747,1.8973538018496328e-19
0.01,1.5034755699322582,0.00010022703291759542,0.00010022703291759564,2.168404344971009e-19
0.01,1.525915488886471,0.00010010079907825397,0.00010010079907825432,3.5236570605778894e-19
0.01,1.5483554078406838,0.00010002518502675288,0.00010002518502675247,4.0657581468206416e-19
0.01,1.5707953267948966,0.00010000000000005001,0.00010000000000004989,1.2197274440461925e-19
0.05,1e-06,0.049999749375025,0.04999974937502499,6.938893903907228e-18
0.05,0.02244091895421281,0.04438668463010666,0.04438668463010665,6.938893903907228e-18
0.05,0.04488083790842562,0.03878891100751685,0.03878891100751686,6.938893903907228e-18
0.05,0.06732075686263843,0.033196556601974084,0.03319655660197409,6.938893903907228e-18
0.05,0.08976067581685124,0.027599724681927482,0.027599724681927486,3.469446951953614e-18
0.05,0.11220059477106405,0.022328340816383078,0.022328340816383078,0.0
0.05,0.13464051372527686,0.018624181516902247,0.018624181516902247,0.0
0.05,0.15708043267948965,0.01598105233343957,0.015981052333439577,6.938893903907228e-18
0.05,0.17952035163370247,0.01400108002304095,0.01400108002304095,0.0
0.05,0.2019602705879153,0.01246322454261312,0.01246322454261313,1.0408340855860843e-17
0.05,0.2244001895421281,0.011234862859197087,0.011234862859197087,0.0
0.05,0.2468401084963409,0.010231599579533502,0.010231599579533499,3.469446951953614e-18
0.05,0.2692800274505537,0.009397172192184146,0.00939717219218415,3.469446951953614e-18
0.05,0.2917199464047665,0.008692630783356296,0.0086926307833563,3.469446951953614e-18
0.05,0.3141598653589793,0.008090155004388812,0.008090155004388814,1.734723475976807e-18
0.05,0.3365997843131921,0.007569344246605154,0.007569344246605148,6.071532165918825e-18
0.05,0.3590397032674049,0.007114898998377423,0.007114898998377425,1.734723475976807e-18
0.05,0.38147962222161774,0.006715120546224463,0.006715120546224461,1.734723475976807e-18
0.05,0.40391954117583057,0.006360910775887242,0.006360910775887241,8.673617379884035e-19
0.05,0.42635946013004333,0.006045087826513027,0.006045087826513027,0.0
0.05,0.44879937908425616,0.005761907049668201,0.0057619070496682,8.673617379884035e-19
0.05,0.471239298038469,0.005506718838445911,0.005506718838445912,1.734723475976807e-18
0.05,0.49367921699268175,0.005275719777247257,0.005275719777247257,0.0
0.05,0.5161191359468946,0.005065768710415582,0.005065768710415586,3.469446951953614e-18
0.05,0.5385590549011074,0.004874248795164752,0.0048742487951647555,3.469446951953614e-18
0.05,0.5609989738553203,0.004698962663296019,0.004698962663296022,3.469446951953614e-18
0.05,0.5834388928095331,0.004538051777891036,0.004538051777891034,1.734723475976807e-18
0.05,0.6058788117637459,0.0043899337122997985,0.004389933712299797,1.734723475976807e-18
0.05,0.6283187307179586,0.004253252870940215,0.004253252870940214,8.673617379884035e-19
0.05,0.6507586496721715,0.0041268414074259316,0.004126841407425931,8.673617379884035e-19
0.05,0.6731985686263843,0.004009687960739994,0.0040096879607399915,2.6020852139652106e-18
0.05,0.6956384875805971,0.0039009124441863378,0.003900912444186345,7.37257477290143e-18
0.05,0.7180784065348099,0.0037997455631747926,0.0037997455631747896,3.0357660829594124e-18
0.05,0.7405183254890227,0.0037055120588586803,0.003705512058858683,2.6020852139652106e-18
0.05,0.7629582444432356,0.0036176169106472626,0.0036176169106472617,8.673617379884035e-19
0.05,0.7853981633974484,0.003535533905932738,0.0035355339059327407,2.6020852139652106e-18
0.05,0.8078380823516612,0.003458796116860243,0.00345879611686024,3.0357660829594124e-18
0.05,0.8302780013058739,0.003386987923475146,0.0033869879234751515,5.637851296924623e-18
0.05,0.8527179202600867,0.003319738298521361,0.0033197382985213604,4.336808689942018e-19
0.05,0.8751578392142996,0.0032567151275802735,0.003256715127580281,7.37257477290143e-18
0.05,0.8975977581685124,0.0031976203835130308,0.0031976203835130295,1.3010426069826053e-18
0.05,0.9200376771227252,0.003142186009505152,0.003142186009505153,1.3010426069826053e-18
0.05,0.942477596076938,0.0030901703927775784,0.0030901703927775797,1.3010426069826053e-18
0.05,0.9649175150311509,0.0030413553329833153,0.0030413553329833145,8.673617379884035e-19
0.05,0.9873574339853636,0.002995543426774242,0.002995543426774244,1.734723475976807e-18
0.05,1.0097973529395763,0.002952555803996364,0.0029525558039963633,8.673617379884035e-19
0.05,1.032237271893789,0.002912230162212916,0.002912230162212916,0.0
0.05,1.054677190848002,0.0028744190553448468,0.0028744190553448463,4.336808689942018e-19
0.05,1.0771171098022148,0.002838988399605672,0.0028389883996056695,2.6020852139652106e-18
0.05,1.0995570287564276,0.0028058161659400243,0.0028058161659400265,2.168404344971009e-18
0.05,1.1219969477106404,0.0027747912331238384,0.002774791233123838,4.336808689942018e-19
0.05,1.1444368666648532,0.0027458123797615384,0.002745812379761536,2.6020852139652106e-18
0.05,1.166876785619066,0.0027187873967897385,0.0027187873967897402,1.734723475976807e-18
0.05,1.1893167045732789,0.002693632304900754,0.0026936323049007544,4.336808689942018e-19
0.05,1.2117566235274917,0.0026702706636385323,0.002670270663638532,4.336808689942018e-19
0.05,1.2341965424817045,0.002648632960879306,0.0026486329608793073,1.3010426069826053e-18
0.05,1.2566364614359171,0.0026286560730574217,0.0026286560730574187,3.0357660829594124e-18
0.05,1.27907638039013,0.0026102827878885285,0.0026102827878885255,3.0357660829594124e-18
0.05,1.3015162993443428,0.0025934613825222648,0.002593461382522262,2.6020852139652106e-18
0.05,1.3239562182985556,0.002578145251061144,0.0025781452510611393,4.7704895589362195e-18
0.05,1.3463961372527684,0.002564292576241359,0.0025642925762413577,1.3010426069826053e-18
0.05,1.3688360562069812,0.0025518660408091337,0.0025518660408091294,4.336808689942018e-18
0.05,1.391275975161194,0.002540832574763358,0.002540832574763357,8.673617379884035e-19
0.05,1.4137158941154069,0.002531163135188303,0.002531163135188302,1.3010426069826053e-18
0.05,1.4361558130696197,0.0025228325158832996,0.002522832515883297,2.6020852139652106e-18
0.05,1.4585957320238325,0.00251581918442115,0.00251581918442115,0.0
0.05,1.4810356509780453,0.002510105144643692,0.0025101051446436906,1.3010426069826053e-18
0.05,1.5034755699322582,0.002505675822939886,0.002505675822939886,0.0
0.05,1.525915488886471,0.0025025199769563495,0.002502519976956348,1.3010426069826053e-18
0.05,1.5483554078406838,0.002500629625668822,0.002500629625668822,0.0
0.05,1.5707953267948966,0.002500000000001251,0.0025000000000012504,4.336808689942018e-19
0.1,1e-06,0.09999974750005,0.09999974750005,0.0
0.1,0.02244091895421281,0.09435718805707458,0.09435718805707459,1.3877787807814457e-17
0.1,0.04488083790842562,0.08875506000900087,0.08875506000900088,1.3877787807814457e-17
0.1,0.06732075686263843,0.08318351226383795,0.08318351226383794,1.3877787807814457e-17
0.1,0.08976067581685124,0.0776327324759663,0.0776327324759663,0.0
0.1,0.11220059477106405,0.07209290316848026,0.07209290316848024,1.3877787807814457e-17
0.1,0.13464051372527686,0.06655415747524401,0.06655415747524401,0.0
0.1,0.15708043267948965,0.061006534106612276,0.06100653410661225,2.7755575615628914e-17
0.1,0.17952035163370247,0.05543993112840182,0.05543993112840179,3.469446951953614e-17
0.1,0.2019602705879153,0.04985289817045248,0.049852898170452464,1.3877787807814457e-17
0.1,0.2244001895421281,0.04493945143678835,0.04493945143678837,2.0816681711721685e-17
0.1,0.2468401084963409,0.04092639831813401,0.040926398318134,6.938893903907228e-18
0.1,0.2692800274505537,0.03758868876873658,0.03758868876873658,0.0
0.1,0.2917199464047665,0.034770523133425185,0.034770523133425164,2.0816681711721685e-17
0.1,0.3141598653589793,0.03236062001755525,0.03236062001755525,0.0
0.1,0.3365997843131921,0.030277376986420617,0.03027737698642061,6.938893903907228e-18
0.1,0.3590397032674049,0.028459595993509692,0.0284595959935097,6.938893903907228e-18
0.1,0.38147962222161774,0.026860482184897852,0.026860482184897852,0.0
0.1,0.40391954117583057,0.025443643103548966,0.025443643103548963,3.469446951953614e-18
0.1,0.42635946013004333,0.024180351306052107,0.024180351306052107,0.0
0.1,0.44879937908425616,0.023047628198672804,0.023047628198672794,1.0408340855860843e-17
0.1,0.471239298038469,0.022026875353783643,0.02202687535378364,3.469446951953614e-18
0.1,0.49367921699268175,0.021102879108989028,0.02110287910898902,6.938893903907228e-18
0.1,0.5161191359468946,0.02026307484166233,0.02026307484166233,0.0
0.1,0.5385590549011074,0.019496995180659008,0.019496995180659,6.938893903907228e-18
0.1,0.5609989738553203,0.018795850653184076,0.018795850653184072,3.469446951953614e-18
0.1,0.5834388928095331,0.018152207111564143,0.018152207111564143,0.0
0.1,0.6058788117637459,0.017559734849199194,0.017559734849199204,1.0408340855860843e-17
0.1,0.6283187307179586,0.01701301148376086,0.017013011483760852,6.938893903907228e-18
0.1,0.6507586496721715,0.016507365629703726,0.01650736562970373,3.469446951953614e-18
0.1,0.6731985686263843,0.016038751842959977,0.01603875184295998,3.469446951953614e-18
0.1,0.6956384875805971,0.015603649776745351,0.015603649776745351,0.0
0.1,0.7180784065348099,0.01519898225269917,0.015198982252699162,8.673617379884035e-18
0.1,0.7405183254890227,0.014822048235434721,0.01482204823543471,1.0408340855860843e-17
0.1,0.7629582444432356,0.01447046764258905,0.014470467642589043,6.938893903907228e-18
0.1,0.7853981633974484,0.014142135623730952,0.014142135623730932,2.0816681711721685e-17
0.1,0.8078380823516612,0.013835184467440972,0.013835184467440975,3.469446951953614e-18
0.1,0.8302780013058739,0.013547951693900584,0.013547951693900585,1.734723475976807e-18
0.1,0.8527179202600867,0.013278953194085443,0.013278953194085438,5.204170427930421e-18
0.1,0.8751578392142996,0.013026860510321094,0.013026860510321092,1.734723475976807e-18
0.1,0.8975977581685124,0.012790481534052123,0.01279048153405212,3.469446951953614e-18
0.1,0.9200376771227252,0.012568744038020607,0.0125687440380206,6.938893903907228e-18
0.1,0.942477596076938,0.012360681571110314,0.012360681571110307,6.938893903907228e-18
0.1,0.9649175150311509,0.012165421331933261,0.012165421331933272,1.0408340855860843e-17
0.1,0.9873574339853636,0.011982173707096968,0.01198217370709698,1.214306433183765e-17
0.1,1.0097973529395763,0.011810223215985457,0.01181022321598546,3.469446951953614e-18
0.1,1.032237271893789,0.011648920648851663,0.011648920648851662,1.734723475976807e-18
0.1,1.054677190848002,0.011497676221379387,0.011497676221379389,1.734723475976807e-18
0.1,1.0771171098022148,0.011355953598422688,0.011355953598422681,6.938893903907228e-18
0.1,1.0995570287564276,0.011223264663760097,0.011223264663760096,1.734723475976807e-18
0.1,1.1219969477106404,0.011099164932495353,0.011099164932495348,5.204170427930421e-18
0.1,1.1444368666648532,0.010983249519046154,0.010983249519046149,5.204170427930421e-18
0.1,1.166876785619066,0.010875149587158954,0.010875149587158968,1.3877787807814457e-17
0.1,1.1893167045732789,0.010774529219603016,0.010774529219603018,1.734723475976807e-18
0.1,1.2117566235274917,0.01068108265455413,0.010681082654554136,6.938893903907228e-18
0.1,1.2341965424817045,0.010594531843517224,0.010594531843517222,1.734723475976807e-18
0.1,1.2566364614359171,0.010514624292229687,0.010514624292229692,5.204170427930421e-18
0.1,1.27907638039013,0.010441131151554114,0.010441131151554114,0.0
0.1,1.3015162993443428,0.010373845530089059,0.010373845530089056,3.469446951953614e-18
0.1,1.3239562182985556,0.010312581004244576,0.01031258100424458,3.469446951953614e-18
0.1,1.3463961372527684,0.010257170304965436,0.010257170304965433,3.469446951953614e-18
0.1,1.3688360562069812,0.010207464163236535,0.01020746416323654,5.204170427930421e-18
0.1,1.391275975161194,0.010163330299053431,0.01016333029905344,8.673617379884035e-18
0.1,1.4137158941154069,0.010124652540753213,0.01012465254075322,6.938893903907228e-18
0.1,1.4361558130696197,0.010091330063533199,0.010091330063533195,3.469446951953614e-18
0.1,1.4585957320238325,0.0100632767376846,0.010063276737684599,1.734723475976807e-18
0.1,1.4810356509780453,0.010040420578574768,0.010040420578574764,3.469446951953614e-18
0.1,1.5034755699322582,0.010022703291759544,0.01002270329175954,5.204170427930421e-18
0.1,1.525915488886471,0.010010079907825398,0.010010079907825403,5.204170427930421e-18
0.1,1.5483554078406838,0.010002518502675289,0.01000251850267528,8.673617379884035e-18
0.1,1.5707953267948966,0.010000000000005003,0.010000000000005001,1.734723475976807e-18
0.5,1e-06,0.49999968750025003,0.49999968750025003,0.0
0.5,0.02244091895421281,0.493111077399014,0.49311107739901394,5.551115123125783e-17
0.5,0.04488083790842562,0.48646223911744174,0.48646223911744174,0.0
0.5,0.06732075686263843,0.4800416984323367,0.4800416984323366,5.551115123125783e-17
0.5,0.08976067581685124,0.47383851245623665,0.4738385124562366,5.551115123125783e-17
0.5,0.11220059477106405,0.4678422227649654,0.46784222276496534,5.551115123125783e-17
0.5,0.13464051372527686,0.462042811146848,0.46204281114684803,5.551115123125783e-17
0.5,0.15708043267948965,0.456430657605829,0.456430657605829,0.0
0.5,0.17952035163370247,0.4509965002718144,0.4509965002718144,0.0
0.5,0.2019602705879153,0.4457313968877707,0.4457313968877707,0.0
0.5,0.2244001895421281,0.44062668755465845,0.4406266875546585,5.551115123125783e-17
0.5,0.2468401084963409,0.4356739584222552,0.4356739584222552,0.0
0.5,0.2692800274505537,0.43086500601632216,0.43086500601632227,1.1102230246251565e-16
0.5,0.2917199464047665,0.42619180189028855,0.4261918018902886,5.551115123125783e-17
0.5,0.3141598653589793,0.4216464572824336,0.42164645728243366,5.551115123125783e-17
0.5,0.3365997843131921,0.41722118744709524,0.41722118744709524,0.0
0.5,0.3590397032674049,0.4129082753102217,0.4129082753102217,0.0
0.5,0.38147962222161774,0.4087000340749659,0.40870003407496586,5.551115123125783e-17
0.5,0.40391954117583057,0.40458876837113145,0.40458876837113145,0.0
0.5,0.42635946013004333,0.4005667335020407,0.40056673350204075,5.551115123125783e-17
0.5,0.44879937908425616,0.3966260922924415,0.3966260922924416,1.1102230246251565e-16
0.5,0.471239298038469,0.3927588689796819,0.3927588689796818,5.551115123125783e-17
0.5,0.49367921699268175,0.3889568995154306,0.38895689951543067,5.551115123125783e-17
0.5,0.5161191359468946,0.38521177755404107,0.385211777554041,5.551115123125783e-17
0.5,0.5385590549011074,0.38151479529289595,0.381514795292896,5.551115123125783e-17
0.5,0.5609989738553203,0.37785687819559044,0.3778568781955904,5.551115123125783e-17
0.5,0.5834388928095331,0.37422851246534206,0.374228512465342,5.551115123125783e-17
0.5,0.6058788117637459,0.37061966393698925,0.3706196639369893,5.551115123125783e-17
0.5,0.6283187307179586,0.3670196868130009,0.3670196868130009,0.0
0.5,0.6507586496721715,0.36341722037148216,0.36341722037148216,0.0
0.5,0.6731985686263843,0.3598000714087046,0.3598000714087045,1.1102230246251565e-16
0.5,0.6956384875805971,0.35615507972786076,0.35615507972786076,0.0
0.5,0.7180784065348099,0.35246796342717296,0.3524679634271729,5.551115123125783e-17
0.5,0.7405183254890227,0.34872314004511207,0.3487231400451122,1.1102230246251565e-16
0.5,0.7629582444432356,0.3449035187503943,0.3449035187503944,5.551115123125783e-17
0.5,0.7853981633974484,0.3409902576697319,0.34099025766973184,5.551115123125783e-17
0.5,0.8078380823516612,0.3369624790610434,0.33696247906104326,1.1102230246251565e-16
0.5,0.8302780013058739,0.33279693327593535,0.3327969332759353,5.551115123125783e-17
0.5,0.8527179202600867,0.3284676001945014,0.3284676001945013,1.1102230246251565e-16
0.5,0.8751578392142996,0.32394521389755765,0.32394521389755754,1.1102230246251565e-16
0.5,0.8975977581685124,0.3191966925473564,0.3191966925473563,1.1102230246251565e-16
0.5,0.9200376771227252,0.3141844504754432,0.3141844504754432,0.0
0.5,0.942477596076938,0.30901703927775775,0.30901703927775787,1.1102230246251565e-16
0.5,0.9649175150311509,0.3041355332983315,0.3041355332983314,1.1102230246251565e-16
0.5,0.9873574339853636,0.29955434267742415,0.2995543426774241,5.551115123125783e-17
0.5,1.0097973529395763,0.2952555803996364,0.2952555803996364,0.0
0.5,1.032237271893789,0.2912230162212915,0.2912230162212916,1.1102230246251565e-16
0.5,1.054677190848002,0.2874419055344846,0.2874419055344847,5.551115123125783e-17
0.5,1.0771171098022148,0.2838988399605672,0.2838988399605672,0.0
0.5,1.0995570287564276,0.2805816165940024,0.2805816165940023,5.551115123125783e-17
0.5,1.1219969477106404,0.2774791233123838,0.2774791233123838,0.0
0.5,1.1444368666648532,0.2745812379761538,0.2745812379761538,0.0
0.5,1.166876785619066,0.2718787396789738,0.2718787396789738,0.0
0.5,1.1893167045732789,0.2693632304900753,0.26936323049007527,5.551115123125783e-17
0.5,1.2117566235274917,0.26702706636385315,0.2670270663638531,5.551115123125783e-17
0.5,1.2341965424817045,0.2648632960879305,0.2648632960879306,5.551115123125783e-17
0.5,1.2566364614359171,0.2628656073057421,0.2628656073057421,0.0
0.5,1.27907638039013,0.2610282787888528,0.2610282787888528,0.0
0.5,1.3015162993443428,0.2593461382522264,0.2593461382522264,0.0
0.5,1.3239562182985556,0.25781452510611436,0.25781452510611436,0.0
0.5,1.3463961372527684,0.2564292576241358,0.2564292576241358,0.0
0.5,1.3688360562069812,0.2551866040809133,0.2551866040809133,0.0
0.5,1.391275975161194,0.25408325747633576,0.25408325747633576,0.0
0.5,1.4137158941154069,0.25311631351883024,0.25311631351883024,0.0
0.5,1.4361558130696197,0.2522832515883299,0.25228325158833,5.551115123125783e-17
0.5,1.4585957320238325,0.25158191844211497,0.251581918442115,5.551115123125783e-17
0.5,1.4810356509780453,0.2510105144643691,0.25101051446436917,5.551115123125783e-17
0.5,1.5034755699322582,0.25056758229398857,0.2505675822939885,5.551115123125783e-17
0.5,1.525915488886471,0.25025199769563494,0.2502519976956349,5.551115123125783e-17
0.5,1.5483554078406838,0.25006296256688215,0.2500629625668822,5.551115123125783e-17
0.5,1.5707953267948966,0.250000000000125,0.250000000000125,0.0
0.99,1e-06,0.989999504975495,0.9899995049754949,1.1102230246251565e-16
0.99,0.02244091895421281,0.9791372517651901,0.9791372517651902,1.1102230246251565e-16
0.99,0.04488083790842562,0.9687546455964686,0.9687546455964688,2.220446049250313e-16
0.99,0.06732075686263843,0.9588338880163677,0.9588338880163677,0.0
0.99,0.08976067581685124,0.9493582765851414,0.9493582765851414,0.0
0.99,0.11220059477106405,0.9403121345367307,0.9403121345367307,0.0
0.99,0.13464051372527686,0.9316807462192022,0.9316807462192022,0.0
0.99,0.15708043267948965,0.9234502977969923,0.9234502977969922,1.1102230246251565e-16
0.99,0.17952035163370247,0.9156078227506376,0.9156078227506376,0.0
0.99,0.2019602705879153,0.9081411517574103,0.9081411517574101,2.220446049250313e-16
0.99,0.2244001895421281,0.901038866578679,0.901038866578679,0.0
0.99,0.2468401084963409,0.8942902576175517,0.8942902576175515,1.1102230246251565e-16
0.99,0.2692800274505537,0.8878852848439787,0.8878852848439788,1.1102230246251565e-16
0.99,0.2917199464047665,0.8818145418145334,0.8818145418145336,1.1102230246251565e-16
0.99,0.3141598653589793,0.8760692225409362,0.8760692225409363,1.1102230246251565e-16
0.99,0.3365997843131921,0.8706410909854615,0.8706410909854616,1.1102230246251565e-16
0.99,0.3590397032674049,0.8655224529829695,0.8655224529829694,1.1102230246251565e-16
0.99,0.38147962222161774,0.8607061304087332,0.8607061304087331,1.1102230246251565e-16
0.99,0.40391954117583057,0.8561854374287405,0.8561854374287404,1.1102230246251565e-16
0.99,0.42635946013004333,0.8519541586849503,0.8519541586849502,1.1102230246251565e-16
0.99,0.44879937908425616,0.8480065292822889,0.8480065292822889,0.0
0.99,0.471239298038469,0.8443372164571292,0.8443372164571292,0.0
0.99,0.49367921699268175,0.8409413028187789,0.8409413028187789,0.0
0.99,0.5161191359468946,0.8378142710662316,0.8378142710662316,0.0
0.99,0.5385590549011074,0.8349519900922381,0.8349519900922381,0.0
0.99,0.5609989738553203,0.832350702395719,0.832350702395719,0.0
0.99,0.5834388928095331,0.8300070127317906,0.8300070127317905,1.1102230246251565e-16
0.99,0.6058788117637459,0.8279178779362568,0.8279178779362567,1.1102230246251565e-16
0.99,0.6283187307179586,0.8260805978684382,0.8260805978684382,0.0
0.99,0.6507586496721715,0.8244928074227134,0.8244928074227135,1.1102230246251565e-16
0.99,0.6731985686263843,0.8231524695651966,0.8231524695651964,2.220446049250313e-16
0.99,0.6956384875805971,0.822057869357626,0.8220578693576259,1.1102230246251565e-16
0.99,0.7180784065348099,0.8212076089358314,0.8212076089358314,0.0
0.99,0.7405183254890227,0.820600603415117,0.820600603415117,0.0
0.99,0.7629582444432356,0.820236077699586,0.8202360776995858,1.1102230246251565e-16
0.99,0.7853981633974484,0.8201135641768468,0.8201135641768469,1.1102230246251565e-16
0.99,0.8078380823516612,0.8202329012837104,0.8202329012837102,2.220446049250313e-16
0.99,0.8302780013058739,0.8205942329324094,0.8205942329324094,0.0
0.99,0.8527179202600867,0.8211980087905384,0.8211980087905384,0.0
0.99,0.8751578392142996,0.8220449854112939,0.8220449854112939,0.0
0.99,0.8975977581685124,0.823136228213652,0.823136228213652,0.0
0.99,0.9200376771227252,0.8244731143147549,0.824473114314755,1.1102230246251565e-16
0.99,0.942477596076938,0.8260573362188751,0.826057336218875,1.1102230246251565e-16
0.99,0.9649175150311509,0.8278909063686705,0.8278909063686704,1.1102230246251565e-16
0.99,0.9873574339853636,0.8299761625647682,0.8299761625647682,0.0
0.99,1.0097973529395763,0.8323157742585326,0.832315774258533,3.3306690738754696e-16
0.99,1.032237271893789,0.8349127497195791,0.834912749719579,1.1102230246251565e-16
0.99,1.054677190848002,0.8377704440731301,0.8377704440731303,2.220446049250313e-16
0.99,1.0771171098022148,0.8408925681912257,0.8408925681912259,2.220446049250313e-16
0.99,1.0995570287564276,0.8442831984036788,0.8442831984036792,3.3306690738754696e-16
0.99,1.1219969477106404,0.8479467869659579,0.847946786965958,1.1102230246251565e-16
0.99,1.1444368666648532,0.8518881731760152,0.8518881731760153,1.1102230246251565e-16
0.99,1.166876785619066,0.8561125949611583,0.8561125949611585,2.220446049250313e-16
0.99,1.1893167045732789,0.8606257006439068,0.8606257006439066,1.1102230246251565e-16
0.99,1.2117566235274917,0.8654335604162748,0.8654335604162746,2.220446049250313e-16
0.99,1.2341965424817045,0.870542676759747,0.8705426767597471,1.1102230246251565e-16
0.99,1.2566364614359171,0.8759599925623098,0.8759599925623096,2.220446049250313e-16
0.99,1.27907638039013,0.8816928948546244,0.881692894854624,4.440892098500626e-16
0.99,1.3015162993443428,0.8877492106277857,0.8877492106277853,3.3306690738754696e-16
0.99,1.3239562182985556,0.8941371885309821,0.8941371885309821,0.0
0.99,1.3463961372527684,0.9008654551730201,0.9008654551730199,2.220446049250313e-16
0.99,1.3688360562069812,0.9079429245873734,0.907942924587374,6.661338147750939e-16
0.99,1.391275975161194,0.9153786178016713,0.9153786178016718,5.551115123125783e-16
0.99,1.4137158941154069,0.9231813000130271,0.9231813000130271,0.0
0.99,1.4361558130696197,0.9313587192391811,0.9313587192391819,7.771561172376096e-16
0.99,1.4585957320238325,0.9399158841040917,0.9399158841040914,2.220446049250313e-16
0.99,1.4810356509780453,0.9488506931744908,0.9488506931744919,1.1102230246251565e-15
0.99,1.5034755699322582,0.9581407272489385,0.9581407272489368,1.6653345369377348e-15
0.99,1.525915488886471,0.967690260704173,0.9676902607041733,3.3306690738754696e-16
0.99,1.5483554078406838,0.9769590045893651,0.9769590045893626,2.55351295663786e-15
0.99,1.5707953267948966,0.98010000000049,0.9801000000004899,1.1102230246251565e-16
1.0,1e-06,0.9999995000005001,0.9999995000005,1.1102230246251565e-16
1.0,0.02244091895421281,0.989028093891928,0.9890280938919281,1.1102230246251565e-16
1.0,0.04488083790842562,0.9785411807444147,0.9785411807444149,2.220446049250313e-16
1.0,0.06732075686263843,0.9685207833269295,0.9685207833269294,1.1102230246251565e-16
1.0,0.08976067581685124,0.9589500315014738,0.9589500315014738,0.0
1.0,0.11220059477106405,0.9498130911776366,0.9498130911776366,0.0
1.0,0.13464051372527686,0.9410950991056207,0.9410950991056208,1.1102230246251565e-16
1.0,0.15708043267948965,0.9327821029843907,0.9327821029843906,1.1102230246251565e-16
1.0,0.17952035163370247,0.9248610064159717,0.9248610064159717,0.0
1.0,0.2019602705879153,0.9173195182851638,0.9173195182851637,1.1102230246251565e-16
1.0,0.2244001895421281,0.9101461061867622,0.9101461061867622,0.0
1.0,0.2468401084963409,0.9033299535604999,0.9033299535604998,1.1102230246251565e-16
1.0,0.2692800274505537,0.8968609202278967,0.8968609202278968,1.1102230246251565e-16
1.0,0.2917199464047665,0.8907295060555438,0.8907295060555439,1.1102230246251565e-16
1.0,0.3141598653589793,0.8849268174964875,0.8849268174964875,0.0
1.0,0.3365997843131921,0.8794445367856969,0.8794445367856969,0.0
1.0,0.3590397032674049,0.8742748935874373,0.8742748935874369,3.3306690738754696e-16
1.0,0.38147962222161774,0.8694106389120058,0.8694106389120057,1.1102230246251565e-16
1.0,0.40391954117583057,0.8648450211369894,0.8648450211369892,1.1102230246251565e-16
1.0,0.42635946013004333,0.8605717639841882,0.860571763984188,2.220446049250313e-16
1.0,0.44879937908425616,0.8565850463178135,0.8565850463178137,2.220446049250313e-16
1.0,0.471239298038469,0.852879483642693,0.8528794836426927,2.220446049250313e-16
1.0,0.49367921699268175,0.8494501111931426,0.8494501111931427,1.1102230246251565e-16
1.0,0.5161191359468946,0.8462923685140535,0.8462923685140533,2.220446049250313e-16
1.0,0.5385590549011074,0.8434020854456666,0.8434020854456667,1.1102230246251565e-16
1.0,0.5609989738553203,0.8407754694326538,0.8407754694326537,1.1102230246251565e-16
1.0,0.5834388928095331,0.8384090940864866,0.8384090940864866,0.0
1.0,0.6058788117637459,0.836299888937848,0.8362998889378481,1.1102230246251565e-16
1.0,0.6283187307179586,0.8344451303230076,0.8344451303230078,2.220446049250313e-16
1.0,0.6507586496721715,0.8328424333547836,0.8328424333547837,1.1102230246251565e-16
1.0,0.6731985686263843,0.8314897449349697,0.8314897449349696,1.1102230246251565e-16
1.0,0.6956384875805971,0.830385337770999,0.8303853377709991,1.1102230246251565e-16
1.0,0.7180784065348099,0.8295278053651854,0.8295278053651856,1.1102230246251565e-16
1.0,0.7405183254890227,0.828916057950191,0.8289160579501909,1.1102230246251565e-16
1.0,0.7629582444432356,0.8285493193494504,0.8285493193494504,0.0
1.0,0.7853981633974484,0.8284271247461901,0.8284271247461901,0.0
1.0,0.8078380823516612,0.8285493193494504,0.8285493193494502,2.220446049250313e-16
1.0,0.8302780013058739,0.828916057950191,0.8289160579501909,1.1102230246251565e-16
1.0,0.8527179202600867,0.8295278053651854,0.8295278053651856,1.1102230246251565e-16
1.0,0.8751578392142996,0.8303853377709991,0.8303853377709991,0.0
1.0,0.8975977581685124,0.8314897449349696,0.8314897449349697,1.1102230246251565e-16
1.0,0.9200376771227252,0.8328424333547834,0.8328424333547836,2.220446049250313e-16
1.0,0.942477596076938,0.8344451303230078,0.8344451303230076,2.220446049250313e-16
1.0,0.9649175150311509,0.8362998889378481,0.8362998889378481,0.0
1.0,0.9873574339853636,0.8384090940864867,0.8384090940864863,3.3306690738754696e-16
1.0,1.0097973529395763,0.8407754694326536,0.8407754694326537,1.1102230246251565e-16
1.0,1.032237271893789,0.8434020854456667,0.8434020854456667,0.0
1.0,1.054677190848002,0.8462923685140533,0.8462923685140533,0.0
1.0,1.0771171098022148,0.8494501111931426,0.8494501111931427,1.1102230246251565e-16
1.0,1.0995570287564276,0.8528794836426926,0.8528794836426928,2.220446049250313e-16
1.0,1.1219969477106404,0.8565850463178136,0.8565850463178137,1.1102230246251565e-16
1.0,1.1444368666648532,0.860571763984188,0.8605717639841881,1.1102230246251565e-16
1.0,1.166876785619066,0.8648450211369891,0.8648450211369892,1.1102230246251565e-16
1.0,1.1893167045732789,0.8694106389120058,0.8694106389120055,2.220446049250313e-16
1.0,1.2117566235274917,0.8742748935874374,0.874274893587437,3.3306690738754696e-16
1.0,1.2341965424817045,0.8794445367856969,0.8794445367856969,0.0
1.0,1.2566364614359171,0.8849268174964876,0.8849268174964875,1.1102230246251565e-16
1.0,1.27907638039013,0.8907295060555441,0.8907295060555438,3.3306690738754696e-16
1.0,1.3015162993443428,0.8968609202278967,0.8968609202278967,0.0
1.0,1.3239562182985556,0.9033299535604997,0.9033299535604998,1.1102230246251565e-16
1.0,1.3463961372527684,0.9101461061867622,0.9101461061867622,0.0
1.0,1.3688360562069812,0.9173195182851629,0.9173195182851637,7.771561172376096e-16
1.0,1.391275975161194,0.9248610064159709,0.9248610064159717,7.771561172376096e-16
1.0,1.4137158941154069,0.9327821029843905,0.9327821029843907,2.220446049250313e-16
1.0,1.4361558130696197,0.9410950991056201,0.9410950991056208,7.771561172376096e-16
1.0,1.4585957320238325,0.9498130911776368,0.9498130911776366,2.220446049250313e-16
1.0,1.4810356509780453,0.958950031501473,0.9589500315014738,8.881784197001252e-16
1.0,1.5034755699322582,0.9685207833269311,0.9685207833269294,1.7763568394002505e-15
1.0,1.525915488886471,0.9785411807444155,0.9785411807444149,6.661338147750939e-16
1.0,1.5483554078406838,0.9890280938919325,0.9890280938919281,4.3298697960381105e-15
1.0,1.5707953267948966,0.9999995001165287,0.9999995000005,1.1602874216976033e-10
