w,budget,cap,alpha,q,exact_q,norm2
0.003,0.08,1.0,16.84113783092571,4.47149215644169,5.407085070634462,0.006400000000000385
0.003516306892600443,0.08,1.0,14.367182627049612,4.471218695010427,5.348025051531906,0.0064
0.004121471387649789,0.08,1.0,12.256287163086904,4.4708428751110425,5.288305449143296,0.006400000000000001
0.00483078608268282,0.08,1.0,10.455108106973553,4.470326315149731,5.227903644776495,0.006399999999999998
0.005662175466405295,0.08,1.0,8.91812828247967,4.469616180664595,5.166795692058815,0.0063999999999999994
0.006636648873211353,0.08,1.0,7.6065061784324355,4.468639687440441,5.104956203603115,0.006399999999999995
0.007778831392214004,0.08,1.0,6.48709398390513,4.467296464825234,5.042358224536577,0.0063999999999999856
0.009117586146939598,0.08,1.0,5.5315992224129875,4.4654479013477975,4.978973090566624,0.006399999999999969
0.01068674367078733,0.08,1.0,4.715868606216355,4.462902193573271,4.914770268256438,0.006399999999999962
0.012525956809681205,0.08,1.0,4.019275674221748,4.459393195719233,4.8497171742516025,0.006399999999999959
0.014681702755432487,0.08,1.0,3.424196125177769,4.454550163927677,4.783778969613022,0.0063999999999999795
0.017208457531346043,0.08,1.0,2.9155564339485833,4.447853797406529,4.716918324512806,0.006399999999999999
0.020170072609498012,0.08,1.0,2.48044206369664,4.4385709656096815,4.649095147116294,0.0063999999999999994
0.023641388447009744,0.08,1.0,2.1077505607835607,4.425654764887331,4.580266269001286,0.006399999999989219
0.027710125715621592,0.08,1.0,1.7878697004860051,4.40758462319955,4.510385077071374,0.006399999999999927
0.03247910201622165,0.08,1.0,1.5123440034565712,4.382093585580768,4.4394010790324865,0.006400000000000002
0.03806883009503768,0.08,1.0,1.2734346256055993,4.3456560524689705,4.367259385357881,0.006399999999998633
0.04462056321880535,0.08,1.0,1.0632251392867822,4.2923642570243095,4.293900085077394,0.0063999999999968405
0.05229986466599967,0.08,1.0,0.9087477040087178,4.219257484957067,4.219257484957083,0.006399999999999995
0.06130079153570828,0.08,1.0,0.7895356391275093,4.143259170771779,4.1432591707717865,0.006399999999999998
0.07185079859962461,0.08,1.0,0.6864353764511728,4.065824834026063,4.065824834026065,0.006400000000000002
0.08421648611823535,0.08,1.0,0.5972433152884382,3.9868647855457637,3.9868647855457633,0.006399999999994752
0.09871033686938006,0.08,1.0,0.5200608175501273,3.906278045618481,3.9062780456184822,0.0063999999999999994
0.1156986126349042,0.08,1.0,0.45325184591566514,3.8239498537348133,3.823949853734812,0.006399999999999589
0.13561060969080735,0.08,1.0,0.3954065606728941,3.739748371304016,3.739748371304016,0.006400000000002683
0.15894950718851128,0.08,1.0,0.3453100491320874,3.65352024443749,3.6535202444374915,0.006399999999994696
0.18630508256746856,0.08,1.0,0.3019154840162842,3.5650845277668863,3.5650845277668832,0.006399999999999999
0.21836861531949459,0.08,1.0,0.2643211161241268,3.4742242028615995,3.4742242028615995,0.0063999999999999925
0.25595035572518426,0.08,1.0,0.231750606822893,3.3806740789565985,3.3806740789566003,0.006399999999999715
0.3,0.08,1.0,0.2035363046272101,3.2841030881057227,3.2841030881057223,0.006399999999991976
