direction_index,theta_deg,theta_rad,max_tube_mean,normalized_response,center_x_over_ellstar,center_y_over_ellstar,tube_mask_points
0,0.0,0.0,0.3683574659319401,0.6176047628028063,-0.14660766961651905,-0.2136283185840706,2235
1,3.0,0.05235987755982988,0.36963389111026307,0.6197448749015233,-0.19687315634218283,-0.12147492625368717,2189
2,6.0,0.10471975511965977,0.40107345342807355,0.6724578649281814,-0.03769911504424761,-0.020943952802359833,2191
3,9.0,0.15707963267948966,0.4416746470365892,0.7405316597260075,-0.004188790560471833,-0.004188790560471833,2189
4,12.0,0.20943951023931953,0.4839738639378772,0.8114524370610631,-0.004188790560471833,-0.004188790560471833,2193
5,14.999999999999998,0.2617993877991494,0.5248364267903559,0.8799644553370352,-0.012566371681415722,-0.004188790560471833,2191
6,18.0,0.3141592653589793,0.5590088426366683,0.9372594710081987,-0.004188790560471833,-0.004188790560471833,2191
7,21.0,0.3665191429188092,0.5829458732465473,0.9773933775508976,-0.03769911504424761,-0.020943952802359833,2189
8,24.0,0.41887902047863906,0.5959297794057566,0.9991627809846643,-0.04607669616519172,-0.029321533923303722,2187
9,27.0,0.47123889803846897,0.5964291212073314,1.0,-0.05445427728613561,-0.03769911504424761,2191
10,29.999999999999996,0.5235987755982988,0.5843913329122277,0.9798169005048982,-0.04607669616519172,-0.03769911504424761,2189
11,33.0,0.5759586531581287,0.5618412193123739,0.9420083616558789,-0.020943952802359833,-0.029321533923303722,2189
12,36.0,0.6283185307179586,0.531861995108209,0.8917438404610067,0.0041887905604720554,-0.020943952802359833,2191
13,39.0,0.6806784082777886,0.4997482772649794,0.8379005308348388,0.03769911504424783,-0.004188790560471833,2191
14,42.0,0.7330382858376184,0.46832836487688445,0.7852204867677539,0.07120943952802361,0.020943952802360055,2189
15,44.99999999999999,0.7853981633974482,0.4374877896918162,0.7335117856187579,0.0963421828908555,0.029321533923303944,2195
16,48.0,0.8377580409572781,0.4065148133784325,0.68158109475865,0.12147492625368739,0.046076696165191944,2189
17,51.0,0.8901179185171081,0.3768014317703311,0.6317622972660769,0.15498525073746316,0.06283185840707972,2191
18,54.0,0.9424777960769379,0.3574428178282834,0.5993047708749096,0.2555162241887907,0.16336283185840728,2191
19,57.0,0.9948376736367678,0.35153110991521613,0.5893929344087417,0.3141592920353984,0.21362831858407083,2189
20,59.99999999999999,1.0471975511965976,0.3494606441882828,0.5859214980664952,0.3392920353982303,0.23038348082595883,2189
21,63.0,1.0995574287564276,0.3482713095379992,0.5839274058801912,0.35604719764011805,0.23876106194690272,2191
22,66.0,1.1519173063162573,0.3463073057981278,0.5806344685133912,0.36442477876106216,0.23038348082595883,2187
23,68.99999999999999,1.2042771838760873,0.3417986628955424,0.5730750742077296,0.37280235988200605,0.23038348082595883,2189
24,72.0,1.2566370614359172,0.3345169541185653,0.5608662324224107,0.38117994100294994,0.22200589970501494,2191
25,75.00000000000001,1.3089969389957472,0.3246420515018309,0.5443095247339179,0.38955752212389383,0.21362831858407083,2191
26,78.0,1.3613568165555772,0.3339126200558016,0.5598529786404016,-0.2806489675516224,0.10471976401179961,2193
27,81.0,1.413716694115407,0.35471764419343754,0.59473562168694,-0.2890265486725663,0.12147492625368739,2189
28,84.0,1.4660765716752369,0.37947292549306905,0.6362414442891634,-0.2890265486725663,0.1382300884955754,2191
29,87.00000000000001,1.5184364492350668,0.406494719811185,0.6815474049763557,-0.2890265486725663,0.15498525073746316,2189
30,89.99999999999999,1.5707963267948963,0.4302714590249694,0.7214125597254295,-0.2890265486725663,0.16336283185840728,2235
31,92.99999999999999,1.6231562043547263,0.45413318964636645,0.7614202149068106,-0.2806489675516224,0.18011799410029505,2189
32,96.0,1.6755160819145563,0.4696522202308868,0.787440122441013,-0.2806489675516224,0.21362831858407083,2191
33,99.00000000000001,1.7278759594743862,0.4770230485572946,0.7997983860876426,-0.2806489675516224,0.24713864306784683,2189
34,102.0,1.7802358370342162,0.4746962994940358,0.7958972535296802,-0.2806489675516224,0.2555162241887907,2193
35,104.99999999999999,1.832595714594046,0.46216003409044276,0.7748783848027202,-0.2806489675516224,0.2722713864306785,2191
36,108.0,1.8849555921538759,0.4422759902869091,0.7415398989768051,-0.2806489675516224,0.2806489675516226,2191
37,111.0,1.9373154697137058,0.41868671077596686,0.7019890476313991,-0.2722713864306783,0.2722713864306785,2189
38,114.0,1.9896753472735356,0.39567103177518675,0.66339992080575,-0.2555162241887905,0.24713864306784683,2187
39,117.0,2.0420352248333655,0.3762686717968495,0.6308690478345214,-0.2303834808259586,0.21362831858407083,2191
40,119.99999999999999,2.0943951023931953,0.3617622738364194,0.6065469658894526,-0.19687315634218283,0.18011799410029505,2189
41,122.99999999999999,2.146754979953025,0.3530643072089075,0.5919635622321917,-0.16336283185840705,0.1382300884955754,2189
42,126.0,2.199114857512855,0.34808647983459773,0.5836175120523592,-0.12985250737463105,0.0963421828908555,2191
43,129.0,2.251474735072685,0.34743370187884726,0.5825230350515899,-0.09634218289085528,0.05445427728613583,2191
44,132.0,2.3038346126325147,0.3502514919971051,0.5872474692183084,-0.05445427728613561,0.0041887905604720554,2189
45,135.0,2.356194490192345,0.35716170780444273,0.5988334491137057,-0.012566371681415722,-0.03769911504424761,2195
46,137.99999999999997,2.4085543677521746,0.36747415904220404,0.6161237705803809,0.029321533923303944,-0.0795870206489675,2189
47,141.0,2.4609142453120048,0.3818851419736966,0.6402858753788873,0.07120943952802361,-0.12147492625368717,2191
48,144.0,2.5132741228718345,0.400307437749093,0.6711735284467065,0.10471976401179961,-0.15498525073746294,2191
49,147.0,2.5656340004316642,0.42210008988553654,0.7077120731983937,0.14660766961651928,-0.18849557522123894,2189
50,150.00000000000003,2.6179938779914944,0.4439268079187677,0.7443077343710878,0.16336283185840728,-0.20525073746312672,2189
51,153.0,2.670353755551324,0.4623034303657327,0.7751188094738021,0.19687315634218305,-0.2303834808259586,2191
52,156.0,2.7227136331111543,0.4736475851354632,0.7941389316750234,0.18849557522123916,-0.2303834808259586,2187
53,159.0,2.775073510670984,0.4725498590740148,0.7922984345859035,0.19687315634218305,-0.2387610619469025,2189
54,162.0,2.827433388230814,0.4612249744371345,0.7733106215596789,0.16336283185840728,-0.2303834808259586,2191
55,165.00000000000003,2.879793265790644,0.44213707225923204,0.7413069827379134,0.1382300884955754,-0.2303834808259586,2191
56,168.0,2.9321531433504737,0.42132887469671926,0.7064190189839111,0.08796460176991161,-0.22200589970501472,2193
57,171.0,2.9845130209103035,0.40244374471978717,0.6747553571917043,0.020943952802360055,-0.2136283185840706,2189
58,174.00000000000003,3.0368728984701336,0.3873486810277376,0.6494462916962216,-0.029321533923303722,-0.2136283185840706,2191
59,177.00000000000003,3.0892327760299634,0.37625920124251244,0.6308531690754194,-0.09634218289085528,-0.20525073746312672,2189
